,comment_date,comment_text,comment_like,comment_user,comment_firm,comment_position,comment_url,company
0,"Jun 19, 2020",Greed,1,tMCV54,/company/Citi/,SEND PRIVATE MESSAGE,/post/Hertz-53N7Hydh,Hertz
1,"Jun 19, 2020",Not me but probably just pure gamble and no knowledge of the bankruptcy process and relationship to stock price,0,Banker69,nan,SEND PRIVATE MESSAGE,/post/Hertz-53N7Hydh,Hertz
2,"Jun 21, 2020",lol just listened to The Journal podcast episode about a kid who flipped 50k to 100k on Robinhood through Hertz and is now trading with 50% margin. Good listen if you wanna pull your hair out.,0,; DROP TAB,nan,SEND PRIVATE MESSAGE,/post/Hertz-53N7Hydh,Hertz
3,"Jun 22, 2020",Honestly better odds at the casino,0,Banker69,nan,SEND PRIVATE MESSAGE,/post/Hertz-53N7Hydh,Hertz
4,"Jun 20, 2020",No but a lot of amateur Robin Hood traders did,0,topszn,/company/Barclays-Investment-Bank/,SEND PRIVATE MESSAGE,/post/Hertz-53N7Hydh,Hertz
5,"Jun 20, 2020",Insanity,0,Coatue,nan,SEND PRIVATE MESSAGE,/post/Hertz-53N7Hydh,Hertz
6,"Jun 19, 2020",Cars no vroom vroom now but will vroom vroom again I buy is cheap,0,Coatue,nan,SEND PRIVATE MESSAGE,/post/Hertz-53N7Hydh,Hertz
7,"Jun 19, 2020",Reflective of Coatue,0,jpmorgan,nan,SEND PRIVATE MESSAGE,/post/Hertz-53N7Hydh,Hertz
0,"Apr 6, 2019","I have used Hertz car sales for my current car, works great so far. As some said earlier I advice you to take the car to a mechanic and check it before you buy it.",2,zoromoro,/company/Apple/,SEND PRIVATE MESSAGE,/post/Hertz-Car-sales-Review-KZQWTXcp,Hertz
1,"Apr 6, 2019","Don‚Äôt do it. You don‚Äôt know what‚Äôs happened with a rental car.Look patiently and find one that someone‚Äôs selling or from a dealer , take an auto mechanic along and get it inspected.Also don‚Äôt get a Sentra, under powered as hell. Accord or Civic are better bets. Just test drive it and you‚Äôll say no to the Sentra, it‚Äôs that bad.Depending on how much you end up paying , a new civic might be pretty close to your budget, give it a look.From experience.",2,tgfi ,/company/Intuit/,SEND PRIVATE MESSAGE,/post/Hertz-Car-sales-Review-KZQWTXcp,Hertz
2,"Apr 6, 2019",I was in a similar position in the past - I leased a Honda Civic - payments were smaller - after the lease - I bought the same car. So you basically get to drive a new car with lower payments and at the end of the day get to buy it off after removing your lease payments from the total price after 3 years. Worked well for me so far.,1,CuriousABC,/company/Zynga/,SEND PRIVATE MESSAGE,/post/Hertz-Car-sales-Review-KZQWTXcp,Hertz
3,"Apr 6, 2019","Was in the same boat as you. Budget was 10k, went up to 12-13k and found a pool of civic/Accord with veryless miles on them (&lt20k) to choose from. Stay away from rental.",1,taxchor,/company/Google/,SEND PRIVATE MESSAGE,/post/Hertz-Car-sales-Review-KZQWTXcp,Hertz
4,"Apr 6, 2019",Rental cars are driven terribly but are well maintained. You roll the dice. Some have great luck.,1,hTJS61,/company/Microsoft/,SEND PRIVATE MESSAGE,/post/Hertz-Car-sales-Review-KZQWTXcp,Hertz
0,"Jun 8, 2020",Don't stockholders get wiped to zero in most bankruptcies?,2,fqAa27,/company/VMware/,SEND PRIVATE MESSAGE,/post/Hertz-OEeYWPjt,Hertz
1,"Jun 8, 2020",That's my understanding as well - last in line for any kind of distribution in the bankruptcy process.,1,hun die,/company/Hyundai-Capital-America/,SEND PRIVATE MESSAGE,/post/Hertz-OEeYWPjt,Hertz
2,"Jun 8, 2020","Preference stack does not matter to RH traders. Just #buythedip and because stock always go up, you'll make money",2,Coatue,nan,SEND PRIVATE MESSAGE,/post/Hertz-OEeYWPjt,Hertz
3,"Jun 9, 2020",It doesn't these are coming from the retail market meaning not pro investors or hedge funds manager it's coming from general traders. Meaning they don't know what they are doing even after filing bankruptcy the first one to get paid are bond holders and stock holders gets wiped out for sure.,0,vtja52,nan,Finance,/post/Hertz-OEeYWPjt,Hertz
4,"Jun 9, 2020","Yes I agree with this, was reading an article that grouped hertz with JC Penney and touched on the spike of retail activity",1,sg02,nan,SEND PRIVATE MESSAGE,/post/Hertz-OEeYWPjt,Hertz
5,"Jun 13, 2020",This is what is meant by ‚Äúdumb money‚Äù,0,Adjusted,/company/Barclays-Investment-Bank/,Other,/post/Hertz-OEeYWPjt,Hertz
6,"Jun 11, 2020",The market is just crazy right now - completely unpredictable.,0,yoda58,/company/Mastercard/,SEND PRIVATE MESSAGE,/post/Hertz-OEeYWPjt,Hertz
7,"Jun 10, 2020",Tough few days recently. Seems crazy risky to put any money into the stock.,0,user178,/company/Alvarez--Marsal/,SEND PRIVATE MESSAGE,/post/Hertz-OEeYWPjt,Hertz
0,"May 24, 2020",Wait for as long as you can until you actually need a car to commute back to the office. The second hand car market is gonna tank this year.,4,biosupdat,/company/Rubrik/,SEND PRIVATE MESSAGE,/post/Hertz-bankruptcy-should-I-wait-buying-a-car-PXdcWjeQ,Hertz
1,"May 23, 2020",Wait til you get a TC > 0 either way,4,  $$  ,/company/Intel/,SEND PRIVATE MESSAGE,/post/Hertz-bankruptcy-should-I-wait-buying-a-car-PXdcWjeQ,Hertz
2,"May 23, 2020",Why would they start lowering sale prices?,2,LC->TC,/company/Apple/,SEND PRIVATE MESSAGE,/post/Hertz-bankruptcy-should-I-wait-buying-a-car-PXdcWjeQ,Hertz
3,"May 24, 2020","Bankruptcy means they have to restructure debt and part of that is they need to free up capital.The longer they hold their fleet, the more depreciation, so they have to dump the excess inventory.Once inventory is dumped in bulk, second hand car market will tank. Which will cause them to devalue their fleet and have to sell even more to come up with capital.Think about it, they have thousands of cars reaching the end of the normal warranty period every month, and those normally have all been dumped silently into a healthy used car market. Nowadays, not so healthy market.If you want to check this, just search on Carvana and you will see a lot of generic hertz nissans coming in as inventory from the wholesale.",1,biosupdat,/company/Rubrik/,SEND PRIVATE MESSAGE,/post/Hertz-bankruptcy-should-I-wait-buying-a-car-PXdcWjeQ,Hertz
4,"May 24, 2020",400 k cars mean nothing.,0,wuhan ü¶†,/company/Microsoft/,SEND PRIVATE MESSAGE,/post/Hertz-bankruptcy-should-I-wait-buying-a-car-PXdcWjeQ,Hertz
5,"May 24, 2020","Auto industry is one of those markets where manufacturers will buy back old inventory and park it to avoid oversupply impacting prices.Unless it legit collapses, or you‚Äôre buying directly from hertz, I‚Äôm not sure there is going to be a deal.",2,It‚Äôs TV,/company/HBO/,SEND PRIVATE MESSAGE,/post/Hertz-bankruptcy-should-I-wait-buying-a-car-PXdcWjeQ,Hertz
6,"May 24, 2020","They are already selling their cars, see the internet.",1,public2,/company/Facebook/,SEND PRIVATE MESSAGE,/post/Hertz-bankruptcy-should-I-wait-buying-a-car-PXdcWjeQ,Hertz
0,"May 14, 2020",They should rent out their fleet of unused vehicles to folks who want to drive for Uber. Perhaps the two companies could make a deal to lower costs.,1,qquuqq,/company/Stripe/,SEND PRIVATE MESSAGE,/post/Will-Hertz-stock-revive-ever-K0k1R8sR,Hertz
1,"May 15, 2020","Not enough Uber demand right now for them to rent out cars to Uber drivers and when demand is back, so will the demand for rental cars.",0,16xEBITDA,/company/Credit-Suisse/,SEND PRIVATE MESSAGE,/post/Will-Hertz-stock-revive-ever-K0k1R8sR,Hertz
2,"May 15, 2020","They could be used for deliveries in the meantime, e.g. for Uber Eats.",0,qquuqq,/company/Stripe/,SEND PRIVATE MESSAGE,/post/Will-Hertz-stock-revive-ever-K0k1R8sR,Hertz
3,"May 14, 2020",Doesn‚Äôt look too good right now. Equity will be likely completely wiped out and some of the lenders won‚Äôt even be made whole if it falls into BK,1,sg02,nan,SEND PRIVATE MESSAGE,/post/Will-Hertz-stock-revive-ever-K0k1R8sR,Hertz
4,"May 14, 2020",It's a capital intensive business and fleet utilization will remain low due to Covid for a while. Agree with qquuqq that they should think of creative ways to keep their fleet operating and not parked in lots. And try cut better deals with car manufacturers who are also probably struggling to keep car sales going in such an environment.,1,yoda58,/company/Mastercard/,SEND PRIVATE MESSAGE,/post/Will-Hertz-stock-revive-ever-K0k1R8sR,Hertz
5,"May 17, 2020",I don‚Äôt like any capital intensive industry right now. But that‚Äôs just my personal opinion.,0,Adjusted,/company/Barclays-Investment-Bank/,Other,/post/Will-Hertz-stock-revive-ever-K0k1R8sR,Hertz
6,"May 15, 2020",Ever? I‚Äôm sure the company will recover at some point after COVID,0,1kpn82,nan,SEND PRIVATE MESSAGE,/post/Will-Hertz-stock-revive-ever-K0k1R8sR,Hertz
0,"May 22, 2020",JMI Equity,8,spoiledkid,/company/American-Express/,SEND PRIVATE MESSAGE,/post/Hertz-is-going-to-declare-bankruptcy-Anyone-want-to-predict-the-next-u3145oap,Hertz
1,"May 22, 2020",A man can only dream,0,; DROP TAB,nan,SEND PRIVATE MESSAGE,/post/Hertz-is-going-to-declare-bankruptcy-Anyone-want-to-predict-the-next-u3145oap,Hertz
2,"May 22, 2020",Bunch of cruise line companies especially if second wave of the virus hits,3,hun die,/company/Hyundai-Capital-America/,SEND PRIVATE MESSAGE,/post/Hertz-is-going-to-declare-bankruptcy-Anyone-want-to-predict-the-next-u3145oap,Hertz
3,"May 25, 2020","They can close port of entry and leave you stuck in water for days!! To add, with office it is 7-8 hrs and you can go back. With cruise you live there 24*7 for days at stretch with 1000s of people. It is a germ cocktail. I have not travelled with cruise even before pandemic for that reason.",0,nflxeng,/company/Netflix/,SEND PRIVATE MESSAGE,/post/Hertz-is-going-to-declare-bankruptcy-Anyone-want-to-predict-the-next-u3145oap,Hertz
4,"May 26, 2020","@nflxeng you can catch a virus or bacteria from someone for being around them for 5 minutes. Many office buildings have more people than a cruise ship and it‚Äôs not 24/7, believe it or not you don‚Äôt sleep on top of each other, you have your own room. I‚Äôm not defending cruise ships to be safer, but just pointing out how the idea that they are worse than say an office building is false.Myth busters proved that double dipping doesn‚Äôt do anything and that eating off a toilette seat is one of the cleanest surfaces. It didn‚Äôt change people‚Äôs perceptions, but facts and science matter more than feelings and opinions. Cruise ships are definitely not great places to be during a pandemic, but shaking hands isn‚Äôt a sanitary thing to do either. During a pandemic people stop doing both, outside of a pandemic people will continue to do both.",0,BigPotatoe,/company/Capital-One/,SEND PRIVATE MESSAGE,/post/Hertz-is-going-to-declare-bankruptcy-Anyone-want-to-predict-the-next-u3145oap,Hertz
5,"May 25, 2020",AMC,4,BigPotatoe,/company/Capital-One/,SEND PRIVATE MESSAGE,/post/Hertz-is-going-to-declare-bankruptcy-Anyone-want-to-predict-the-next-u3145oap,Hertz
6,"Jun 6, 2020",Movie theater should all go away. Stream everything online except very select films in imax. No reason to go to a theater anymore,0,xyzabc22,/company/Affirm/,SEND PRIVATE MESSAGE,/post/Hertz-is-going-to-declare-bankruptcy-Anyone-want-to-predict-the-next-u3145oap,Hertz
7,"Jun 6, 2020","Affirm, nah man, movie theaters still provide a different experience. I will admit though that a lot of people don‚Äôt care any more though.",0,; DROP TAB,nan,SEND PRIVATE MESSAGE,/post/Hertz-is-going-to-declare-bankruptcy-Anyone-want-to-predict-the-next-u3145oap,Hertz
8,"May 23, 2020",USA,4,BigElbow,nan,SEND PRIVATE MESSAGE,/post/Hertz-is-going-to-declare-bankruptcy-Anyone-want-to-predict-the-next-u3145oap,Hertz
9,"May 26, 2020","Airlines that aren't too big to fail will go bankrupt. Hotel chains, AirBnB will be massively hammered into the ground.",3,P7bop,/company/Unity%20Technologies/,SEND PRIVATE MESSAGE,/post/Hertz-is-going-to-declare-bankruptcy-Anyone-want-to-predict-the-next-u3145oap,Hertz
0,"May 5, 2017",They're super fucked. A ton of maintenance usually required. Would advice to take it to a body shop / showroom before buying it!,6,troll you,/company/Uber/,SEND PRIVATE MESSAGE,/post/Anyone-bought-used-car-from-Hertz-car-sales-MM8x8ENm,Hertz
1,"May 5, 2017","People abuse rental cars in ways they would never do to their own car or lease. I'd predict these cars to have a shorter life, but I guess that's why the price is low.",2,la croix,/company/Expedia/,SEND PRIVATE MESSAGE,/post/Anyone-bought-used-car-from-Hertz-car-sales-MM8x8ENm,Hertz
2,"May 5, 2017","Replace ""cars"" with ""girl friends"" in above statement and its still stands true.",1,angry,/company/Oracle/,SEND PRIVATE MESSAGE,/post/Anyone-bought-used-car-from-Hertz-car-sales-MM8x8ENm,Hertz
3,"May 5, 2017",I've done some terrible things to rental cars and I'm not the only one.,0,baruser,/company/Amazon/,Eng,/post/Anyone-bought-used-car-from-Hertz-car-sales-MM8x8ENm,Hertz
4,"May 5, 2017",Unspeakable things,1,YLAc73,/company/Amazon/,SEND PRIVATE MESSAGE,/post/Anyone-bought-used-car-from-Hertz-car-sales-MM8x8ENm,Hertz
5,"May 6, 2017","You pay for visible damage from only. Donuts, j-turns, and aggressive maneuvers are still undetectable.",0,baruser,/company/Amazon/,Eng,/post/Anyone-bought-used-car-from-Hertz-car-sales-MM8x8ENm,Hertz
6,"May 6, 2017","get a new one from last year or so, negotiate with several dealerships usually it's just 5k diff from used Hertz and none of the headaches",1,BLgS420,/company/Lyft/,SEND PRIVATE MESSAGE,/post/Anyone-bought-used-car-from-Hertz-car-sales-MM8x8ENm,Hertz
7,"May 5, 2017",I got a year old Mazda3 from them back in 2013 and have driven it for 70k miles. The car is still going strong.,1,Caravanan,/company/Amazon/,Mgmt,/post/Anyone-bought-used-car-from-Hertz-car-sales-MM8x8ENm,Hertz
0,"May 12, 2020",Are you looking at FANG companies or looking at non FANG ones ?,1,LUHV04,/company/Dell/,SEND PRIVATE MESSAGE,/post/Scared-for-layoff-Hertz-Sr-Financial-analyst---FPA-kj0jzp3z,Hertz
1,"May 12, 2020",Either is fine. No preference for Faang in all honesty.,0,GFnQ80,nan,Finance,/post/Scared-for-layoff-Hertz-Sr-Financial-analyst---FPA-kj0jzp3z,Hertz
2,"May 12, 2020","Ok , DM me",1,LUHV04,/company/Dell/,SEND PRIVATE MESSAGE,/post/Scared-for-layoff-Hertz-Sr-Financial-analyst---FPA-kj0jzp3z,Hertz
3,"May 12, 2020",What level FP&A? Which geography? TC?,2,ShittiBank,/company/Citi/,SEND PRIVATE MESSAGE,/post/Scared-for-layoff-Hertz-Sr-Financial-analyst---FPA-kj0jzp3z,Hertz
4,"May 12, 2020","I'm currently Sr. Financial analyst, reporting to director who reports to CFO. I created and maintain our commissions, SaaS services metrics and customer penetration models - Salesforce, tableau & 50+ tab long excel files. I help out with pricing and SRP/LRP and create jira dashboard for cap dev project prioritization. Plenty of initiatives.Geography: anywhere in US really...pref anywhere south from Illinois.TC: 6-figure generally speaking but I came cross a post on here which opened my eyes that there's more to life than just $. I'll look at whole package but tbh it varies greatly depending on area, (for ex: I'll take 100 in Florida but 145-150 in bay area) so as long as I'm learning, great passion for the work, and energetic people - I'm in.",0,GFnQ80,nan,Finance,/post/Scared-for-layoff-Hertz-Sr-Financial-analyst---FPA-kj0jzp3z,Hertz
0,Apr 16,"In my experience, getaround is the shitty car. And the price is not that great either. I usually pay around 40-50 a day for a rental, which in 90% of the time is full size under 15k miles",0,stonkey,/company/Google/,SEND PRIVATE MESSAGE,/post/How-is-GetAround-way-cheaper-than-traditional-rentals-Hertz-etc-HV8gmRw1,Hertz
0,"Apr 25, 2019",This happens everyday in the IT consultant world.,10,URFired,/company/LinkedIn/,SEND PRIVATE MESSAGE,/post/Accenture-gets-sued-for-charging-32mil-and-not-being-able-to-deliver-a-web-site-for-Hertz-RknwZmWh,Hertz
1,"Apr 25, 2019",Well maybe they shouldn't hire shit like Accenture and Tata Consultancy,1,scoops34,/company/Amazon/,Eng,/post/Accenture-gets-sued-for-charging-32mil-and-not-being-able-to-deliver-a-web-site-for-Hertz-RknwZmWh,Hertz
0,"Aug 26, 2019",Albertsons pays better I‚Äôve heard,7,unfanged,/company/Microsoft/,SEND PRIVATE MESSAGE,/post/Whats-compensation-package-can-I-expect-at-Hertz-Bannockburn-Illinois-for-a-Full-Stack-Dev-bWW3BJLO,Hertz
1,"Aug 26, 2019",80 @ 3 YOE? I'm so sorry,4,@w@,/company/Uber/,Eng,/post/Whats-compensation-package-can-I-expect-at-Hertz-Bannockburn-Illinois-for-a-Full-Stack-Dev-bWW3BJLO,Hertz
2,"Aug 26, 2019","Hey man, 80k in BFE is like top 5%",0,AnEngineer,/company/SolarWinds/,SEND PRIVATE MESSAGE,/post/Whats-compensation-package-can-I-expect-at-Hertz-Bannockburn-Illinois-for-a-Full-Stack-Dev-bWW3BJLO,Hertz
3,"Aug 26, 2019",Get out of the Midwest ASAP,3,d@t_person,/company/Atlassian/,SEND PRIVATE MESSAGE,/post/Whats-compensation-package-can-I-expect-at-Hertz-Bannockburn-Illinois-for-a-Full-Stack-Dev-bWW3BJLO,Hertz
4,"Aug 26, 2019",Imagine getting 230 TC and being in a much better locale.......west coast best coast,1,d@t_person,/company/Atlassian/,SEND PRIVATE MESSAGE,/post/Whats-compensation-package-can-I-expect-at-Hertz-Bannockburn-Illinois-for-a-Full-Stack-Dev-bWW3BJLO,Hertz
5,"Aug 26, 2019",230? You mean 290,0,@w@,/company/Uber/,Eng,/post/Whats-compensation-package-can-I-expect-at-Hertz-Bannockburn-Illinois-for-a-Full-Stack-Dev-bWW3BJLO,Hertz
6,"Aug 26, 2019",Thank you for the insight. Will do my best to move closer to the best coast :D,0,jadedDev,nan,Eng,/post/Whats-compensation-package-can-I-expect-at-Hertz-Bannockburn-Illinois-for-a-Full-Stack-Dev-bWW3BJLO,Hertz
7,"Aug 26, 2019",I actually started out at 55k and made the switch to my current job. Things have been worse!,0,jadedDev,nan,Eng,/post/Whats-compensation-package-can-I-expect-at-Hertz-Bannockburn-Illinois-for-a-Full-Stack-Dev-bWW3BJLO,Hertz
0,"Apr 26, 2019","Accenture is easily the worst company I‚Äôve EVER worked for. They hired me as an entry-level programmer right out of school. I was paid $20K annually, expected to always work 60+ hour weeks, but NEVER log more than 40 hours, because I was legally non-exempt, but they were definitely not going to pay me for overtime. I believe that‚Äôs called ghosting hours, and the practice is illegal. I stayed there for a year, just to have something on my resume, and then moved on.Many years later, my salary is now closer to a quarter of a million US dollars. Fuck Accenture forever and always.",4,QBtoast,/company/GoDaddy/,SEND PRIVATE MESSAGE,/post/Is-Accenture-really-this-bad-wcHTUL2y,Hertz
1,"Apr 26, 2019",I'm the same as this person.  It's really the worst.,0,alqt61,/company/Lyft/,SEND PRIVATE MESSAGE,/post/Is-Accenture-really-this-bad-wcHTUL2y,Hertz
2,"Apr 25, 2019",Accenture is shit. They offered me 3 lakh per annum as TC (6k USD per annum) few years ago. They gave offers to 600 students at the Same time with that TC,3,temp_,/company/Microsoft/,Eng,/post/Is-Accenture-really-this-bad-wcHTUL2y,Hertz
3,"Apr 25, 2019",I wouldn't be surprised if Boeing paid them for their airplane software too.,3,arUb75,/company/Google/,SEND PRIVATE MESSAGE,/post/Is-Accenture-really-this-bad-wcHTUL2y,Hertz
4,"Apr 25, 2019",You can hire your own staff for $32m,3,uhhyhhgh,/company/Tesla/,SEND PRIVATE MESSAGE,/post/Is-Accenture-really-this-bad-wcHTUL2y,Hertz
5,"Apr 25, 2019",It‚Äôs worst because of the amount it charges customers and the salary it pays to its employees to do the jobs,1,aiabc,/company/Oracle/,Mgmt,/post/Is-Accenture-really-this-bad-wcHTUL2y,Hertz
0,"Sep 11, 2019",Turo- contact the post owner and ask him if he can lower the price if you can book for 1 monthI did similar last year - wanted a car for 1 month. Turo posting was showing $500 but was able to negotiate to $300,5,sucks007,/company/Cisco/,SEND PRIVATE MESSAGE,/post/Cheap-monthly-car-rental-in-the-bay-area-dKJLTirp,Hertz
1,"Sep 11, 2019",Cool. I will do that.,0,flower1,/company/Apple/,Eng,/post/Cheap-monthly-car-rental-in-the-bay-area-dKJLTirp,Hertz
2,"Sep 11, 2019",Canvas - starts 350ish I think,2,cruella,/company/Roku/,SEND PRIVATE MESSAGE,/post/Cheap-monthly-car-rental-in-the-bay-area-dKJLTirp,Hertz
3,"Sep 11, 2019",Canvas looks promising. Have you used it personally?,0,flower1,/company/Apple/,Eng,/post/Cheap-monthly-car-rental-in-the-bay-area-dKJLTirp,Hertz
4,"Sep 11, 2019",No I haven't.,0,cruella,/company/Roku/,SEND PRIVATE MESSAGE,/post/Cheap-monthly-car-rental-in-the-bay-area-dKJLTirp,Hertz
5,"Sep 11, 2019",Canvas or Fair,1,vNv,/company/NVIDIA/,Eng,/post/Cheap-monthly-car-rental-in-the-bay-area-dKJLTirp,Hertz
6,"Sep 11, 2019",Hotwire.com,1,VFcO68,nan,SEND PRIVATE MESSAGE,/post/Cheap-monthly-car-rental-in-the-bay-area-dKJLTirp,Hertz
0,"Jun 26, 2020",R/wallstreetbets,2,toiletseat,/company/Credit-Karma/,SEND PRIVATE MESSAGE,/post/Invested-in-GNC-today-k2XikmRy,Hertz
1,"Jun 26, 2020",It‚Äôs ok to take speculative bets. Make sure they do not cross certain percentage off your overall portfolio. For me 10% is the cap,1,cheb,/company/NTT-DATA-Services/,SEND PRIVATE MESSAGE,/post/Invested-in-GNC-today-k2XikmRy,Hertz
2,"Jun 26, 2020",GNC is overpriced supps,0,TMDs27,/company/SAP/,SEND PRIVATE MESSAGE,/post/Invested-in-GNC-today-k2XikmRy,Hertz
0,"Jun 5, 2020",I work at Hertz subsidiary in fp&a dept and I'm as baffled about stock price going up as you are. Makes 0 sense. Htz selling it's fleet left and right. We can't even pay our vendors or clients...idk why the stock is going up lol,1,GFnQ80,nan,Finance,/post/JCP-JCPNQ-vs-HTZ-56JQjqhV,Hertz
1,"Jun 5, 2020",May be some investors know what would happen with hertz after    ch-11. May be something like american airlines back in 2012.,1,default1,/company/Microsoft/,SEND PRIVATE MESSAGE,/post/JCP-JCPNQ-vs-HTZ-56JQjqhV,Hertz
0,"May 26, 2020",Well yeah the debt holders need experienced C suite executives to run the business after bankruptcy.Otherwise all the key employees with institutional knowledge will be lost to competitors.,5,TimNadela,/company/Intralinks/,SEND PRIVATE MESSAGE,/post/No-room-for-loyalty-in-business-HzxPQcEP,Hertz
1,"May 26, 2020","Institutional knowledge on how to suck at their jobs? They were in trouble long before covid, this just hastened the funeral.",3,lite-rally,/company/Expedia/,SEND PRIVATE MESSAGE,/post/No-room-for-loyalty-in-business-HzxPQcEP,Hertz
2,"May 26, 2020",Good point ^ securing the same execs that ran the company into the ground.,0,isaidit ,/company/Indeed/,SEND PRIVATE MESSAGE,/post/No-room-for-loyalty-in-business-HzxPQcEP,Hertz
0,Jan 25,I‚Äôd recommend a certified pre-owned. A lot of peace of mind. Especially if you‚Äôre not very handy with fixing my mechanical issues.,2,myname21,/company/Aptiv/,SEND PRIVATE MESSAGE,/post/Where-to-buy-a-used-car-N1settZC,Hertz
1,Jan 25,"Most dealers have them. Also If you drive over to Arlington, they usually have really good prices compared to Dallas.",1,myname21,/company/Aptiv/,SEND PRIVATE MESSAGE,/post/Where-to-buy-a-used-car-N1settZC,Hertz
0,"Aug 16, 2017",The discounts at Intel good for hardware?,0,voidmain,/company/Microsoft/,SEND PRIVATE MESSAGE,/post/Employee-discounts-WC111zx5,Hertz
1,"Aug 19, 2017",Only good discount is the 50% of CPUs,1,Vegeta,/company/Intel/,SEND PRIVATE MESSAGE,/post/Employee-discounts-WC111zx5,Hertz
2,"Aug 19, 2017","Yeah, that's the one that counts really. 50% off a CPU -- is awesome!",0,voidmain,/company/Microsoft/,SEND PRIVATE MESSAGE,/post/Employee-discounts-WC111zx5,Hertz
3,"Sep 7, 2017",Anything at Apple?,0,Redy2Chnge,/company/Intel/,SEND PRIVATE MESSAGE,/post/Employee-discounts-WC111zx5,Hertz
4,"Sep 11, 2017",15% off most; 1x item at 25%,0,DOGandPONY,/company/Apple/,SEND PRIVATE MESSAGE,/post/Employee-discounts-WC111zx5,Hertz
5,"Aug 11, 2017",I think common across large companies. Every large employer I've been at had them. The small companies I was at didn't have them. 5-15% off I think is common. Never really used them (once for the mobile before getting on the SERO sprint plan); slickdeals and other similar forums seems to have better deals if you're willing to sift through the crap.,0,jYIi04,/company/Seagate-Technology/,SEND PRIVATE MESSAGE,/post/Employee-discounts-WC111zx5,Hertz
6,"Aug 14, 2017",slickdeals.  yum.,0,sillycon,/company/Intel/,SEND PRIVATE MESSAGE,/post/Employee-discounts-WC111zx5,Hertz
7,"Sep 17, 2017",Common,0,NMKx36,/company/HP/,Eng,/post/Employee-discounts-WC111zx5,Hertz
8,"Aug 16, 2017",Common.,0,voidmain,/company/Microsoft/,SEND PRIVATE MESSAGE,/post/Employee-discounts-WC111zx5,Hertz
0,"Sep 14, 2019",Reject. Nothing beats Albertsons package.,6,not_larry,/company/Oracle/,SEND PRIVATE MESSAGE,/post/Evaluate-this-Offer-sQhfEVf0,Hertz
1,"Sep 14, 2019",Isn‚Äôt Albertsons standard package like 300k TC?,2,kjybvhji,/company/Hackerrank/,SEND PRIVATE MESSAGE,/post/Evaluate-this-Offer-sQhfEVf0,Hertz
2,"Sep 14, 2019",It also comes with a massive increase in üçÜsize,2,LC_ups_TC,/company/Intel/,Finance,/post/Evaluate-this-Offer-sQhfEVf0,Hertz
3,"Sep 14, 2019",Can't attest to that. It is more of prerequisite.,1,jadedDev,nan,Eng,/post/Evaluate-this-Offer-sQhfEVf0,Hertz
4,"Sep 15, 2019",Lol someone heading to Hertz making fun of Albertsons? üòÇ,2,tdf ,/company/Workday/,Product,/post/Evaluate-this-Offer-sQhfEVf0,Hertz
5,"Sep 14, 2019",Hertz? Dude. Come on.,0,HowCouldYu,/company/Northrop-Grumman/,SEND PRIVATE MESSAGE,/post/Evaluate-this-Offer-sQhfEVf0,Hertz
6,"Sep 14, 2019",you really think first one possible?,0,EdKt05,nan,Eng,/post/Evaluate-this-Offer-sQhfEVf0,Hertz
7,"Sep 14, 2019",Thank you.,0,jadedDev,nan,Eng,/post/Evaluate-this-Offer-sQhfEVf0,Hertz
8,"Sep 14, 2019",Weak offer.,1,jrbb00,nan,SEND PRIVATE MESSAGE,/post/Evaluate-this-Offer-sQhfEVf0,Hertz
9,"Sep 15, 2019",This is in Illinois,0,phatman,/company/LinkedIn/,Eng,/post/Evaluate-this-Offer-sQhfEVf0,Hertz
10,"Sep 15, 2019",I worked in Illinois 5 years ago and made 115k with better benefits and never had to see an office.,0,jrbb00,nan,SEND PRIVATE MESSAGE,/post/Evaluate-this-Offer-sQhfEVf0,Hertz
0,"Aug 11, 2017",Common across all tech companies,2,Smoking,/company/Pinterest/,SEND PRIVATE MESSAGE,/post/Employee-discounts-jVXL6j3N,Hertz
1,"Aug 11, 2017","Or all companies really. My SO works at a bank and gets most of the same discounts we do. They're all provided by some provider called ""workplace advantage""",1,Smoking,/company/Pinterest/,SEND PRIVATE MESSAGE,/post/Employee-discounts-jVXL6j3N,Hertz
2,"Sep 7, 2017",What about Apple?,0,Redy2Chnge,/company/Intel/,SEND PRIVATE MESSAGE,/post/Employee-discounts-jVXL6j3N,Hertz
3,"Aug 11, 2017","Yep, common. Most of ours is through the Perks at Work website.",0,kpCQ75,/company/VMware/,SEND PRIVATE MESSAGE,/post/Employee-discounts-jVXL6j3N,Hertz
4,"Aug 11, 2017","Yes, just keep in mind the corp discounts are rarely actually the lowest price.",0,public,/company/Facebook/,SEND PRIVATE MESSAGE,/post/Employee-discounts-jVXL6j3N,Hertz
0,Jan 23,Go on Amazon benefits. Codes to all major ones,2,LUX1E,/company/Amazon/,SEND PRIVATE MESSAGE,/post/rental-car-app-referrals-q2iXmS4B,Hertz
1,Jan 23,Costco. Best Of all.,1,tokkale,/company/Asurion/,SEND PRIVATE MESSAGE,/post/rental-car-app-referrals-q2iXmS4B,Hertz
2,Jan 23,Consider getting a Turo.,1,YbhM00,/company/Turo/,SEND PRIVATE MESSAGE,/post/rental-car-app-referrals-q2iXmS4B,Hertz
3,Jan 23,Get some AMEX card like this they got discounts for all kinds of things including rental cars. http://www.svonbudget.com/amex-5-percent-phone-bill-discount/,0,UWOM24,/company/Google/,SEND PRIVATE MESSAGE,/post/rental-car-app-referrals-q2iXmS4B,Hertz
4,Jan 23,Got Turo,0,fanof,/company/Boeing/,SEND PRIVATE MESSAGE,/post/rental-car-app-referrals-q2iXmS4B,Hertz
0,May 8,You work at Toyota and they can't hook you up with car rental discounts?,3,mxs203,/company/Microsoft/,SEND PRIVATE MESSAGE,/post/Microsoft-Passport-Prime-Car-Rental-Discount-DubFS551,Hertz
1,May 8,I also no longer work at Toyota.  (Left for my next job. Trying to travel between jobs :). ) This is just my most recent blind tag.,0,xLtw31,/company/Toyota/,SEND PRIVATE MESSAGE,/post/Microsoft-Passport-Prime-Car-Rental-Discount-DubFS551,Hertz
2,May 8,Thank you so much!,0,xLtw31,/company/Toyota/,SEND PRIVATE MESSAGE,/post/Microsoft-Passport-Prime-Car-Rental-Discount-DubFS551,Hertz
3,May 8,"Costco members have one of the best discounts through Costco travel. Also, you should be able to beat Prime discount in rental cars by just googling for coupons.",2,üêÇüí©üïµÔ∏è,/company/Microsoft/,SEND PRIVATE MESSAGE,/post/Microsoft-Passport-Prime-Car-Rental-Discount-DubFS551,Hertz
4,May 8,Always sign up for employee discount programs while at the company. Most of the time they don't check if you're still an active employee later.,1,tSPq48,/company/Salesforce/,SEND PRIVATE MESSAGE,/post/Microsoft-Passport-Prime-Car-Rental-Discount-DubFS551,Hertz
5,May 9,To access Microsoft Passport you need to SSO with corporate credentials. It‚Äôs unlikely an ex-employee would have access as MSFT will terminate benefits at 11:59pm on the last day before leaving,0,asdfjklmn,/company/Microsoft/,SEND PRIVATE MESSAGE,/post/Microsoft-Passport-Prime-Car-Rental-Discount-DubFS551,Hertz
6,May 9,I‚Äôve found Priceline is often better than Passport,1,asdfjklmn,/company/Microsoft/,SEND PRIVATE MESSAGE,/post/Microsoft-Passport-Prime-Car-Rental-Discount-DubFS551,Hertz
0,"Jul 9, 2017","It is a $250 bet that you will not need to change anything.  If you need to call them, you will wish you booked with airline. Check your credit card to see if it provide insurance on rental car.  Usually you do not need coverage from rental co.",1,and77,/company/Expedia/,Mgmt,/post/Expedia-bundle-deals-any-experience-FpVOBCg7,Hertz
1,"Jul 9, 2017","Thanks, I normally get collision/ loss damage waiver even if credit card covers it. Credit card coverage has limitations which may not include storage, towing, loss of use etx. And 11$/day for 3-5 days is worth the peace of mind.",0,Gjoh,/company/Cisco/,Eng,/post/Expedia-bundle-deals-any-experience-FpVOBCg7,Hertz
2,"Jul 9, 2017",Have untried looking rental cars through costco or your company discount? Those work out to be cheapest in my experience,1,CUOu80,/company/eBay/,SEND PRIVATE MESSAGE,/post/Expedia-bundle-deals-any-experience-FpVOBCg7,Hertz
3,"Jul 9, 2017",first of all Thanks for using Expedia to book.usally i book with credit card that covers sickness related trip cancellation or inteeuption. Works pretty well.,1,sowhat,/company/Expedia/,SEND PRIVATE MESSAGE,/post/Expedia-bundle-deals-any-experience-FpVOBCg7,Hertz
0,"Mar 28, 2019","Out of your options, Civic or Camry. But do you really want to buy a former rental car? Imagine thousands of the most inconsiderate people you can think of all driving that car before you get it. You can find good deals that aren't former rentals - and you can seriously expand what you're looking at as well.",4,scarecrow,/company/VMware/,Eng,/post/Affordable-car-for-Seattle-xYs8nKr2,Hertz
1,"Mar 28, 2019",Buy from Carmax instead and get the warranty,1,qymI15,/company/Chan-Zuckerberg-Initiative/,SEND PRIVATE MESSAGE,/post/Affordable-car-for-Seattle-xYs8nKr2,Hertz
2,"Mar 28, 2019",Get a Honda or a Toyota. They will cost you much less down the road in reliability,2,aabad,/company/Snap/,SEND PRIVATE MESSAGE,/post/Affordable-car-for-Seattle-xYs8nKr2,Hertz
3,"Mar 28, 2019","Honda has been going down recently in reliability these days, Toyota if you want a snooze car that will be with you forever.",0,Riso4ever,/company/Intel/,R&D,/post/Affordable-car-for-Seattle-xYs8nKr2,Hertz
4,"Mar 28, 2019",What?,2,Atinlay1,/company/Oath/,Mgmt,/post/Affordable-car-for-Seattle-xYs8nKr2,Hertz
5,"Mar 28, 2019","The rules are pretty tight. You will end up paying the tax on the depreciated value whenever you move.If you live and work in WA, the you can deduct this sales tax in addition to regular sales tax exemption on your taxes.",1,d uk ebag,/company/GitHub/,SEND PRIVATE MESSAGE,/post/Affordable-car-for-Seattle-xYs8nKr2,Hertz
6,"Mar 28, 2019","Not sure if it applies your case. But i would check the sales tax implications of buying the car in texas and moving to washington. ""If you purchased a personal vehicle in another state¬†within 90 days of moving here, you owe use tax when you register and license it.""   https://dor.wa.gov/get-form-or-publication/publications-subject/tax-topics/vehicles-brought-washington-out-state",1,<-------->,/company/Ford/,Product,/post/Affordable-car-for-Seattle-xYs8nKr2,Hertz
0,Jan 28,That is partly our fault as consumers too. We have given these hedge funds and financial institutions so much power that they can manipulate our lives easily and we just work our butts off all our lives,6,fvcsdte,/company/Intel/,SEND PRIVATE MESSAGE,/post/Brokerages-fighting-against-the-people-ZKvbjomn,Hertz
1,Jan 28,This will not end well for robinhood... peeps at robinhood start looking for jobs,4,kisn,nan,SEND PRIVATE MESSAGE,/post/Brokerages-fighting-against-the-people-ZKvbjomn,Hertz
2,Jan 28,Vote with your money!,3,LivesDntM,/company/Snap/,SEND PRIVATE MESSAGE,/post/Brokerages-fighting-against-the-people-ZKvbjomn,Hertz
3,Jan 28,Etrade is working fine,1,kisn,nan,SEND PRIVATE MESSAGE,/post/Brokerages-fighting-against-the-people-ZKvbjomn,Hertz
4,Jan 28,"Any trading platform that uses Apex Clearinghouse won't let you buy GME, AMC, etc.That's majority of the free ones...",1,HotTamale,nan,SEND PRIVATE MESSAGE,/post/Brokerages-fighting-against-the-people-ZKvbjomn,Hertz
0,"Aug 10, 2016",I heard an EY intern who rented a SLK and put a selfie on instagram got fired.   Is this true??,1,4ufj3i,/company/PwC/,SEND PRIVATE MESSAGE,/post/Turo-RelayRides-for-Car-Rentals-jamyO7z8,Hertz
1,"Aug 11, 2016",OP here. The story I heard was: she was asked to meet the team at the airport. She was told to buy a flight ticket. She did meet up with the team but she had not purchased the ticket. The flight was full so she had to fly on a later flight. The team told her to just get a rental car when she lands.. So she did... rented a convertible Mercedes.. and rumor has it that she bought a first class ticket,1,fj383,/company/PwC/,SEND PRIVATE MESSAGE,/post/Turo-RelayRides-for-Car-Rentals-jamyO7z8,Hertz
2,"Aug 11, 2016",What a badass story to tell haha,0,Tonto,/company/Deloitte/,SEND PRIVATE MESSAGE,/post/Turo-RelayRides-for-Car-Rentals-jamyO7z8,Hertz
3,"Aug 10, 2016",I think it's worth asking if you can find something much cheaper. Get around is another option. Don't these ride sharing apps provide insurance through their system?,1,tGLB31,/company/KPMG/,SEND PRIVATE MESSAGE,/post/Turo-RelayRides-for-Car-Rentals-jamyO7z8,Hertz
4,"Aug 10, 2016",Yup you can opt for premium coverage which covers even the smallest things. But I called Geico and they said my policy covers these rentals anyway for collision etc.,0,avirex,/company/Deloitte/,SEND PRIVATE MESSAGE,/post/Turo-RelayRides-for-Car-Rentals-jamyO7z8,Hertz
0,"Aug 5, 2019",Ask AAA to find you a $25 comparable rental.,1,OqDv32,/company/Microsoft/,SEND PRIVATE MESSAGE,/post/Rental-25-a-day-provided-by-AAA-insurance-XXkwzgXY,Hertz
1,"Aug 5, 2019","Ok, Princess. You‚Äôre being unreasonable. You can drive an Altima for a few days while your starter Lexus is repaired. Come down off your ivory tower or pay the difference.",7,Atinlay2,/company/Oath/,SEND PRIVATE MESSAGE,/post/Rental-25-a-day-provided-by-AAA-insurance-XXkwzgXY,Hertz
2,"Aug 5, 2019",Sure. I get it. They are there to make a buck - tough business. All is fair in love and war and accidents.,0,6gwb5v,/company/Apple/,SEND PRIVATE MESSAGE,/post/Rental-25-a-day-provided-by-AAA-insurance-XXkwzgXY,Hertz
3,"Aug 5, 2019",Pay or get the cheaper rental. Or take Uber,3,Atinlay2,/company/Oath/,SEND PRIVATE MESSAGE,/post/Rental-25-a-day-provided-by-AAA-insurance-XXkwzgXY,Hertz
4,"Aug 5, 2019","Can‚Äôt comment on the rental, but make sure you demand ‚Äúdiminished value‚Äù as part of your settlement. Look it up. Sometimes it pays to hire an expert. You are looking at thousands on a new car like that.",0,BlindBooz,/company/Booz-Allen-Hamilton/,SEND PRIVATE MESSAGE,/post/Rental-25-a-day-provided-by-AAA-insurance-XXkwzgXY,Hertz
5,"Aug 5, 2019",Ah! That‚Äôs a very good point. Thanks!,1,6gwb5v,/company/Apple/,SEND PRIVATE MESSAGE,/post/Rental-25-a-day-provided-by-AAA-insurance-XXkwzgXY,Hertz
6,"Aug 5, 2019","Nothing much, your premium has $25/day. It‚Äôs actually really discounted through insurance, but yeh in a way hertz screwed you. You should charm them instead",1,(üëçüèºüò±ü§ë),/company/NVIDIA/,SEND PRIVATE MESSAGE,/post/Rental-25-a-day-provided-by-AAA-insurance-XXkwzgXY,Hertz
7,"Aug 5, 2019",I have AAA and they pay for 30 dollars a day,0,736484738,/company/IBM/,SEND PRIVATE MESSAGE,/post/Rental-25-a-day-provided-by-AAA-insurance-XXkwzgXY,Hertz
8,"Aug 5, 2019",OK. My previous car was totaled in the previous accident this year. It was the other party‚Äôs fault too. The insurance company was the army/navy insurance company. They pay more than that - I forgot the amount. It was able to get a Camry without me paying.,0,6gwb5v,/company/Apple/,SEND PRIVATE MESSAGE,/post/Rental-25-a-day-provided-by-AAA-insurance-XXkwzgXY,Hertz
0,"Jul 10, 2020",Counterpoint: gratitude is the croak of the weak willed bootlickers unable to think for themselves. Companies are going under that should have gone under long before. The tidal wave of shifts that COVID is pushing will unlock a significant amount of opportunity for those able to stomach the risk and COVIDproof the modern world. There has never been a better time to capitalize on the environment if you‚Äôre of the opportunistic variety.,17,behaviour,/company/Amazon/,SEND PRIVATE MESSAGE,/post/be-grateful-w0YxuDo7,Hertz
1,"Jul 16, 2020","I sure am! Until COVID-19 hit, the time I spent in NYC was chock full of raves, nightlife, bar crawls and house parties. I've made some of my best friends (and investor connections) this way. Can't wait to move back after COVID dies down.",0,behaviour,/company/Amazon/,SEND PRIVATE MESSAGE,/post/be-grateful-w0YxuDo7,Hertz
2,"Jul 18, 2020",You sound like a sad human being. Sincerely hope you find joy one day.,7,eykg33,/company/Asana/,SEND PRIVATE MESSAGE,/post/be-grateful-w0YxuDo7,Hertz
3,"Jul 10, 2020","How US handles pandemic this time is beyond worst nightmare. I can‚Äôt believe politicians are still arguing whether to enforce mask wearing. It‚Äôs not about your freedom. If you don‚Äôt care and get sick as wish, don‚Äôt go around infecting others. It could just be short term crisis and now dragged into probably permanent economic loss in US",12,Xbdkahfheg,/company/Oracle/,SEND PRIVATE MESSAGE,/post/be-grateful-w0YxuDo7,Hertz
4,"Jul 20, 2020","@indeed4 why ignoring the majority proven data and science and just picking the outlier? This is not the Amazonian data centric way imho. I am not experts on Covid, I believe a few earlier replies answered that. But still, that is the not point. The point is: with over half years of real life experiments, we know simple protocols such as wearing masks, social distancing and washing hand really goes a long way: save millions of lives, get the economy back to normal. Just because Amazon has been doing so well in the pandemic doesn‚Äôt mean the rest of country isn‚Äôt suffering badly.",0,Xbdkahfheg,/company/Oracle/,SEND PRIVATE MESSAGE,/post/be-grateful-w0YxuDo7,Hertz
5,"Jul 21, 2020","Amazon, Either I live in a parallel dimension of the universe from where you are, or you are just back from long vacation in Mars üòÖ",0,Xbdkahfheg,/company/Oracle/,SEND PRIVATE MESSAGE,/post/be-grateful-w0YxuDo7,Hertz
6,"Jul 10, 2020","I'm not ""greatful"" to my company because they employ me. I'm doing work to boost their revenue and in exchange they're giving me some $$ to compensate for my value.Of course, I'm thankful I can afford to live a comfortable life. I direct my gratitude instead at my wife, kids, parents and friends.",13,lgtmshipit,/company/Facebook/,SEND PRIVATE MESSAGE,/post/be-grateful-w0YxuDo7,Hertz
7,"Jul 10, 2020",Yes. It‚Äôs being grateful in life,0,kakadodo,/company/Salesforce/,SEND PRIVATE MESSAGE,/post/be-grateful-w0YxuDo7,Hertz
8,"Jul 10, 2020",2020 has created Havoc but how many of these were already on verge of failing and covid just expedite the process or as we say burst the bubble,12,tiniton,/company/Microsoft/,Eng,/post/be-grateful-w0YxuDo7,Hertz
9,"Jul 15, 2020","Seriously screw all these brands. UNIQLO does delivery, red bull is better than coffee, and Nike can go $!?@ themselves",0,ffffü§®,nan,SEND PRIVATE MESSAGE,/post/be-grateful-w0YxuDo7,Hertz
10,"Jul 10, 2020",Great post OP. Really puts things into perspective. Things will get worse. I don't see a recovery in world economy until 2022. We need to be grateful for having a job. My sympathies lie most with unemployed blue-collar/ minimum wage workers who have no savings to fall back on.,7,SVAM67,/company/Reckitt-Benckiser/,SEND PRIVATE MESSAGE,/post/be-grateful-w0YxuDo7,Hertz
